id;contact_id;contact_name;company_id;contact_telephone;contact_email;contact_password;contact_created_at;contact_modified_at
1;35443;Tasty Cotton Pizza Cotton connecting;69977;Oregon EXE;Bacon reboot;Bedfordshire target;2021-03-10;2021-03-11
2;63996;Global Bypass generate;7765;Assistant matrices Product;zero administration Optimization;multi-byte networks vertical;2021-03-11;2021-03-11
3;65007;Ergonomic Wooden Sausages Ball;22160;open architecture;Regional;yellow;2021-03-10;2021-03-11
4;2153;Incredible overriding;70430;SQL;Director index;alarm;2021-03-11;2021-03-10
5;73472;Nebraska Functionality convergence;60847;robust Burg ubiquitous;transmit;channels Strategist;2021-03-11;2021-03-11
6;53084;Dong Fantastic incentivize;46241;Ergonomic Response;haptic Tuna Shoes;Personal Loan Account directional Assistant;2021-03-11;2021-03-11
7;31456;Grocery Inverse navigate;22473;strategize Investment Account Money Market Account;Credit Card Account radical Awesome;Organized Dong;2021-03-11;2021-03-11
8;99727;compress Gorgeous Plastic Keyboard;22857;systems;Syrian Pound;neutral;2021-03-11;2021-03-10
9;39227;Bedfordshire Licensed Chips;11255;quantifying user-centric Colorado;Antarctica (the territory South of 60 deg S);Music Timor-Leste;2021-03-10;2021-03-10
10;13932;Solomon Islands Dollar;58794;Jamaican Dollar Sausages;Gloves Regional;matrix Clothing Personal Loan Account;2021-03-11;2021-03-10
