id;invoice_id;contact_id;company_id;invoice_number;order_number;order_date_time;created_at;modified_at
1;65218;57297;85235;Focused;capability Loop Unbranded Frozen Towels;gold;2021-03-10;2021-03-11
2;30348;64379;78406;Licensed Soft Sausages Rhode Island;Unbranded national Marketing;online streamline reciprocal;2021-03-11;2021-03-11
3;90663;48352;56857;Home Loan Account;access;sticky monitor Synergized;2021-03-10;2021-03-10
4;97683;25244;36763;experiences;Handcrafted Assistant;Money Market Account;2021-03-10;2021-03-10
5;84021;83962;82892;Buckinghamshire Director Gloves;visualize Cambridgeshire Fully-configurable;Dynamic Games;2021-03-10;2021-03-11
6;99574;33894;20615;Awesome;Integration structure;action-items;2021-03-10;2021-03-11
7;32458;45702;99442;matrix Internal;auxiliary;RSS analyzer;2021-03-11;2021-03-10
8;89828;83224;82749;Iceland;indigo Electronics;neural Ergonomic Concrete Salad Alaska;2021-03-11;2021-03-11
9;44979;62169;77083;Toys;Brand Savings Account;end-to-end unleash;2021-03-11;2021-03-10
10;32780;10756;70805;Small Rubber Salad Oklahoma;Home Loan Account Handcrafted Steel Ball;tan Cambridgeshire Rubber;2021-03-10;2021-03-10
