id;reseller_id;admin_id;reseller_name;reseller_email;reseller_password;reseller_created_at;reseller_modified_at
1;44878;98559;copying full-range empower;calculate;Applications Mission;2021-03-11;2021-03-11
2;31656;54561;one-to-one Savings Account;Metrics extranet Soft;multimedia payment;2021-03-10;2021-03-10
3;25121;70727;optical Rufiyaa;Slovakia (Slovak Republic) Strategist Moldovan Leu;e-tailers Savings Account;2021-03-11;2021-03-11
4;33142;56546;Automotive Handcrafted;PNG;intranet;2021-03-11;2021-03-11
5;11975;70826;User-centric;Implementation overriding Intelligent;integrated;2021-03-11;2021-03-11
6;72078;43771;granular Street quantify;Investment Account;SDD New Mexico Lead;2021-03-10;2021-03-11
7;28406;73674;Checking Account deposit connecting;help-desk Slovakia (Slovak Republic);firewall auxiliary Rustic;2021-03-11;2021-03-10
8;1762;44907;zero administration auxiliary;Hong Kong;array;2021-03-11;2021-03-10
9;97297;29758;Centralized encryption extranet;systems;SMTP Reactive;2021-03-11;2021-03-11
10;28000;68585;Associate Oregon Licensed;productize;Usability;2021-03-11;2021-03-11
